id;names;surnames;email;phone;born_date;psa_id;erase_date;active;create_date;updated_date
1;Synergistic Personal Loan Account Sleek;Borders;Clemmie70@hotmail.com;708.830.3504;2019-10-22T09:08:49;Garden Dale Wallis and Futuna;2019-10-22T16:08:55;true;2019-10-22T08:50:45;2019-10-22T02:22:34
2;Assimilated;compressing;Kaitlyn52@yahoo.com;722-964-0801 x54566;2019-10-22T19:42:18;Frozen Analyst card;2019-10-22T22:02:24;true;2019-10-22T13:27:14;2019-10-22T16:31:32
3;mindshare Gorgeous;Chips;Rocio_Keebler40@gmail.com;(191) 422-5071;2019-10-22T07:10:52;motivating Operations alarm;2019-10-22T09:43:16;false;2019-10-22T08:20:40;2019-10-22T05:30:17
4;Gorgeous Rubber Pants Cheese;Garden;Audreanne4@gmail.com;1-897-140-0748;2019-10-22T11:39:45;Shoes systems;2019-10-22T13:27:42;false;2019-10-22T08:14:43;2019-10-22T00:14:47
5;HTTP explicit;Personal Loan Account;Jevon_Steuber@yahoo.com;(160) 969-0856 x9856;2019-10-22T13:42:35;deposit Station;2019-10-22T09:55:51;true;2019-10-22T00:25:50;2019-10-22T08:00:12
6;parsing invoice;black;Cristobal.Bradtke@gmail.com;066-306-3386;2019-10-22T22:28:01;open-source hybrid;2019-10-22T20:11:23;true;2019-10-22T06:18:15;2019-10-22T14:39:56
7;Accountability Handmade Cotton Bacon;intermediate Table quantify;Kip.Zboncak12@hotmail.com;275.389.5824;2019-10-22T06:42:34;application Configurable iterate;2019-10-22T10:12:07;true;2019-10-22T11:06:30;2019-10-22T03:11:27
8;encoding Direct;Small Frozen Salad bypassing;Emmanuel_Will95@yahoo.com;(546) 040-2635 x627;2019-10-22T00:19:02;neural Wooden Optimization;2019-10-21T23:38:38;false;2019-10-21T23:07:25;2019-10-22T09:50:13
9;mindshare;Guam bandwidth Liaison;Noemy_Smith@hotmail.com;1-804-720-3887;2019-10-22T19:30:26;Avon;2019-10-22T17:25:41;true;2019-10-22T09:04:28;2019-10-22T14:02:35
10;transition open-source Interactions;Pennsylvania dynamic bandwidth;Orie_Hodkiewicz@yahoo.com;293-144-2044 x507;2019-10-22T20:10:26;Fresh payment synthesize;2019-10-22T09:01:30;false;2019-10-21T23:56:01;2019-10-22T13:25:13
