id;name;active;create_date;updated_date
1;alliance Licensed Plaza;true;2019-10-22T21:03:48;2019-10-22T10:44:46
2;Sausages streamline Home;true;2019-10-22T03:40:37;2019-10-22T20:59:50
3;Savings Account Manager Guyana;true;2019-10-22T11:23:50;2019-10-22T17:21:32
4;navigate Kiribati;true;2019-10-22T05:05:12;2019-10-22T21:31:46
5;Concrete;false;2019-10-22T05:54:20;2019-10-22T06:32:02
6;connecting generate Music;true;2019-10-22T12:17:16;2019-10-22T14:31:34
7;enhance Gorgeous;true;2019-10-22T13:58:15;2019-10-22T18:39:03
8;Kentucky;true;2019-10-22T17:57:03;2019-10-22T20:53:05
9;Brazil;false;2019-10-22T01:39:12;2019-10-22T14:47:44
10;Ranch impactful;true;2019-10-22T11:03:47;2019-10-22T11:30:57
